SKU,NOMBRE,DESCRIPCION_CORTA
40255          ,162525_40255-CHIFONIER CEDRO PLATINUM.png,1
40259          ,227402_40259-PLACARD 912 2P 2C TABACO PLATINUM.png,1
40280          ,208446_40280-GABINETE DE PLANCHADO 3080 BCO PLATINUM.png,1
40281          ,208446_40281-GABINETE DE PLANCHADO 3081 BCO PLATINUM.png,1
40634          ,172212_40634-CORTADORA CESPED ELECTRICA MAX 5003 1HP CRECOLECTOR PETRI.png,1
40887          ,206446_40887-COLCHON PARAISO REAL II 1.40X1.90 PIERO.png,1
40954          ,108216_40954.jpg,1
40955          ,108216_40955.jpg,1
41048          ,223439_41048-CHIFONIER 920 CEDRO PLATINUM.png,1
41054          ,211821_41054-PLACARD 916 6P 4C CEDRO PLATINUM.png,1
41065          ,211808_MEDIDAS 912 PLATINUM.png,2
41081          ,222746_EBA5.png,1
41099          ,222746_EBA3.png,1
41160          ,207439_41160-SILLON FIESTA REJILLADO BLANCO VOSS.png,1
41201          ,167544_2071-solcito.png,1
41202          ,167544_2010-solcito.png,1
41203          ,167544_3030-solcito.png,1
41204          ,167544_2050-solcito.png,1
41205          ,167544_2055-solcito.png,1
41209          ,167544_2070-solcito.png,1
41211          ,167544_3022-solcito.png,1
41213          ,167544_3025-amarilla solcito.png,7
41214          ,167544_1090-solcito.png,1
41215          ,167544_1091-solcito.png,1
41223          ,167544_2080_2090_3000-solcito.png,1
41290          ,225377_41290-VENTILADOR DE TECHO VT313 LUMER .png,1
41292          ,225377_41292-VENTILADOR DE TECHO VT317 LUMER.png,1
41299          ,206557_41299-BORDEADORA MASTER 600W INDELPLAS.png,1
41326          ,163750_super economica.png,1
41331          ,163750_lujo economica.png,1
41414          ,108224_41414.jpg,1
41497          ,248433_41497-PILETA N6 3000L. TIBURONCITO.png,1
41597          ,107177_41597.jpg,1
41892          ,205923_41892-ALMOHADA DARLING 70X40 PIERO.png,1
42024          ,204282_42024-BICI R12 BMX VARON B8394 WAL HER.png,1
42026          ,204282_42026-BICI R12 BMX DAMA B83940 WAL HER.png,1
42028          ,206932_42028-BICI R20 FREESTYLE PINTADA B8336 WAL HER.png,1
43557          ,108224_43557.jpg,1
44075          ,207439_44075-SILLA GALA NEGRA VOSS.png,1
44088          ,163750_alas.png,1
44439          ,204825_44439-BORDEADORA W700 WIMER.png,1
44516          ,205923_44516-ALMOHADA MOONLIGHT 70X40 PIERO.png,1
44524          ,206513_44524-COLCHON PARAISO REAL II 1.00X1.90 PIERO.png,1
44608          ,225344_44608-VENTILADOR DE TECHO VT900 LUMER.png,1
44610          ,225344_44610-VENTILADOR DE TECHO VT902 LUMER.png,1
44975          ,108224_44975.jpg,1
45282          ,167825_45282-PILETA 1030 1500L. PELOPINCHO.png,1
45287          ,167825_45287-PILETA 1055 4500L. PELOPINCHO.png,1
45661          ,205961_45661-COLCHON BAHIA 0.80X1.90 PILLOW TOP PIERO.png,1
45663          ,205961_45663-COLCHON BAHIA 1.00X1.90 PILLOW TOP PIERO.png,1
45771          ,166713_45771-PARAGUITAS 161 CAROL PER BAMBINI.png,1
46128          ,167544_1095-solcito.png,1
46177          ,207439_46177-MESA MARGARITA 1.40X0.80 BLANCA VOSS.png,1
46179          ,174608_46179-SILLA GALA BLANCA VOSS.png,1
46180          ,207439_46180-MESA ANTILLAS 0.90 BLANCA VOSS.png,1
46190          ,166713_46190-PARAGUITAS 144 NEW FLOPPY PER BAMBINI.png,1
46612          ,188461_46612-MESA DE LUZ PINO 1P-1C CEDRO MADEVIR 081.png,1
46664          ,194204_46664-CORTADORA CESPED MAX 3003 34 SR PETRI.png,1
46668          ,172212_46668-CORTADORA CESPED ELECTRICA MAX 5002 34HP CRECOLECTOR PETRI.png,1
46670          ,194204_46670-CORTADORA CESPED MAX 5005 1.5 2EN1 PETRI.png,1
47186          ,225377_47186-VENTILADOR DE TECHO VT319 LUMER.png,1
47203          ,161684_47203-INFLADOR GRANDE INTEX.png,1
47205          ,161607_COLCHONES INFLABLES INTEX.png,1
47273          ,207911_47273-BANCO TIJERA 2040 SOLCITO.png,1
48196          ,208637_48196-PURIFICADOR STYLE EV-3200 BLANCO EVEREST.png,1
48354          ,208626_48354-PURIFICADOR STYLE EV-3200 MARRON EVEREST.png,1
48356          ,225344_48356-VENTILADOR DE TECHO VT307 LUMER.png,1
48500          ,211821_48500-MUEBLE PMICROONDAS 3045 BLANCO PLATINUM.png,1
48501          ,211821_48501-MUEBLE PMICROONDAS 3046 BLANCO PLATINUM.png,1
48510          ,108216_48510.jpg,1
49047          ,192412_49047-BUTACA PARA AUTO 158 EUROPA PER BAMBINI.png,1
49566          ,207439_49566-BANQUITO APILABLE TITAN BLANCO VOSS.png,1
49661          ,211859_49661-ZAPATERO 930 CEDRO PLATINUM.png,1
49663          ,211859_49663-ZAPATERO 930 TABACO PLATINUM.png,1
49678          ,253785_49678-CALOVENTOR MFX-810 EVEREST..png,1
50736          ,288080_50736 2.png,1
51250          ,107467_51250.png,1
51317          ,171419_51317-MESA TV 1027 WENGUE HABANO TABLES.png,1
51756          ,188572_51756-CALOVENTOR DE PARED FXC-7001 EVEREST.png,1
51797          ,167825_51797-PILETA 1076 8000L. PELOPINCHO.png,1
51951          ,108224_51951.jpg,1
52267          ,207644_52267-SILLON VARADERO BLANCO VOSS.png,1
52344          ,195423_52344-KIT PREPAGO 0.60 DIRECTV.png,1
52584          ,161684_110686.png,1
52586          ,161607_52586-BOMBA 56636 INTEX.png,1
52894          ,171419_52894-MESA LIVING 2002 CAOBA TABACO TABLES.png,1
52895          ,171419_52895-MESA LIVING 2002 WENGUE HABANO TABLES.png,1
53118          ,207439_53118-MESA ANTILLAS 0.90 NEGRA VOSS.png,1
53329          ,223439_COLCHON DE CUNA MATELASSEADO GANI.png,1
53546          ,161607_53546.png,1
53570          ,188461_53570-COCHE TRAVEL 206 DELUXE PER BAMBINI.png,1
53714          ,198770_53714-CALCULADORA GX-120B CASIO.png,1
54333          ,102461_54332.png,1
54336          ,163060_MESA DE LUZ CEDRO PLATINUM.png,1
54338          ,208814_54338-MESA DE LUZ 962 TABACO PLATINUM.png,1
54343          ,208815_54343-LIBRERO 5 NIVELES 9013 TABACO PLATINUM.png,1
54394          ,164944_54394_PILETA REDONDA PELOPINCHO 1102b.png,1
54405          ,207258_54405-CARPA CANADIENSE PARADISE 11044P NAHUEL.png,1
54406          ,207258_54406-CARPA CANADIENSE PARADISE 11066P NAHUEL.png,1
54409          ,207375_54405-CARPA CANADIENSE PARADISE 11044P NAHUEL.png,1
54508          ,223439_COLCHON DE CUNA MATELASSEADO GANI.png,1
54734          ,175556_54734-58870-55467-SILLA S116 PARAISO DIMADERA.png,1
54926          ,207258_54926-CARPA CANADIENSE LIVIANA 15044P NAHUEL.png,1
54966          ,207258_54966-CARPA CANADIENSE LIVIANA 15066P NAHUEL.png,1
54967          ,207258_54967-CARPA CANADIENSE PARADISE 11088P NAHUEL.png,1
54971          ,207258_54971-CARPA IGLOO HIDOME CI070038P NAHUEL .png,1
54974          ,207375_54974-INFLADOR DE PIE CI07027 500CC NAHUEL.png,1
55256          ,207439_55256-SILLON FIESTA REJILLADO NEGRO VOSS.png,1
55467          ,175556_54734-58870-55467-SILLA S116 PARAISO DIMADERA.png,1
55567          ,206707_55567-CUBREPILETA Y BASE MOD.1055 PELOPINCHO.png,1
55664          ,206707_55664-CUBREPILETA Y BASE MOD.1076 PELOPINCHO.png,1
55665          ,206707_55665-CUBREPILETA Y BASE MOD.1102 PELOPINCHO.png,1
55666          ,206707_55666-KIT DE REPARACION PELOPINCHO.png,1
55847          ,107345_55847.jpg,1
55850          ,204568_55850-BICI R16 FREESTYLE PINTADA B8346 WAL HER.png,1
56122          ,248433_56122-TENSIOMETRO DIGITAL DE MUNECA S150 ASPEN.png,1
56304          ,188572_56304-CALOVENTOR MFX-990 EVEREST.png,1
56584          ,249871_56584-SECARROPAS QV5.5 DREAN..png,1
56586          ,190268_56586-SECARROPAS QV6.5 DREAN.png,1
56633          ,257731_56633-COLCHON GOLDEN FLEX 1.40X1.90X0.30 GANI.png,1
56740          ,259702_56740-SOPORTE CINC SPL-695I 26A55P NAKAN..png,1
56833          ,253823_56833-ESTRUCTURA DE FUTON CEDRO OTANO.png,1
56834          ,253823_56834-ESTRUCTURA DE FUTON TABACO OTANO.png,1
57390          ,108224_57390.jpg,1
57397          ,248014_57397-TERMOTANQUE 45LTS MG ESCORIAL.png,1
57571          ,207375_54967-CARPA CANADIENSE PARADISE 11088P NAHUEL.png,1
57932          ,207162_57932-BOLSA DE DORMIR JUVENIL CI07052 NAHUEL.png,1
57933          ,207154_57933-BOLSA DE DORMIR CCAPUCHA CI07051 NAHUEL.png,1
58731          ,205375_58731-VENTILADOR DE PARED PX30 30PULG EVEREST.png,1
58798          ,208814_58798-GABINETE MULTIUSO 3091 BLANCO PLATINUM.png,1
59054          ,208637_59054-PURIFICADOR SHINE EV-3200 ACERO EVEREST.png,1
59133          ,167287_59133-CALEFACTOR LONGVIE EBA5S.png,1
59134          ,167287_59134-CALEFACTOR LONGVIE EBA5V.png,1
59170          ,189711_59170-TERMOTANQUE LONGVIE T3075CF 75L MULTIGAS.png,1
59175          ,191218_59175-SOPORTE FIJO SPL-684F 26A42P NAKAN.png,1
59213          ,123539_59213b.JPG,1
59494          ,255464_59494- CONJUNTO GOLDSPRING.png,2
59668          ,288080_59668-LAVARROPAS WA80 SILVER SAMSUNG.png,1
59771          ,166639_59771_ACTIVITY GYM RONDI 2500.png,1
59800          ,175556_65133-59800-BANQUETA B116 DIMADERA.png,1
59858          ,184925_59858-SILLA APILABLE BOOM NEGRA 5781110 DAKOT.png,1
59996          ,108891_59996.jpg,1
59997          ,108275_59997.jpg,1
60036          ,174742_60036-DESPENSERO 2 PUERTAS GRANDE D062.png,1
60056          ,208378_60056-CHIFONIER 4 CAJ 1P 921 TABACO PLATINUM.png,1
60102          ,162305_60102_BALANZA ASPEN DE COCINA EK3052 copy.png,1
60167          ,194204_60167-CORTADORA CESPED MAX 3004 1 SR PETRI.png,1
61288          ,188461_61288-RESPALDO SOMMIER RC62-3 T3 FRONTERA.png,1
61762          ,255209_61762-LAVARROPAS CONCEPT 5.05 V1 DREAN.png,1
61790          ,175556_68266-61790-SILLON S116 PARAISO DIMADERA.png,1
61876          ,179894_61876-ASPIRADORA SAMSUNG VC20.png,3
61910          ,167544_3015-solcito.png,1
61911          ,167544_3036-solcito.png,1
61951          ,163977_61951_SANDWICHERA ATMA SM8911E 2.png,2
61967          ,259702_61967-SOPORTE EXTGIRAT SPL-570E 10A32P NAKAN..png,1
62268          ,248374_62268-TERMOTANQUE 50LTS MG AR ZAFIRO SENORIAL.png,1
62269          ,248374_62269-TERMOTANQUE 40LTS ELECTRICO SENORIAL.png,1
62438          ,206932_62438-BICI R26 MTB KUWARA NEW B83870 WAL HERb.png,1
62754          ,174608_62754-PLACARD 4P 2C 914 TABACO PLATINUM.png,1
62755          ,211821_62755-PLACARD 916 6P 4C TABACO PLATINUM.png,1
62759          ,211821_62759-PLACARD 913 3P 2C TABACO PLATINUM.png,1
62860          ,218624_62860-COLCHON ART 1.40X1.90 GANI.png,1
63030          ,190120_63030-VAPORIERA VA8121E ATMA.png,1
63158          ,243432_63158-KIT HERRAMIENTAS JARDIN 4221 BALMEX.png,1
63248          ,166639_63248-SECADOR PELO ATMA SP8904E.png,1
63802          ,171419_63802-MESA LIVING 2018 WENGUE HABANO TABLES.png,1
63925          ,259702_63925-SOPORTE EXTGIRAT SPL-780E 26A55P NAKAN..png,1
63956          ,206707_63956-CONTENEDOR DE AGUA MOD.1010 PELOPINCHO.png,1
63960          ,206706_63960-ACCESORIOS PLASTICOS MOD.1055 PELOPINCHO.png,1
63961          ,206706_63961-ACCESORIOS PLASTICOS MOD.1076 PELOPINCHO.png,1
63962          ,206706_63962-ACCESORIOS PLASTICOS MOD.1102 PELOPINCHO.png,1
64018          ,161607_64018-SPLASH.png,1
64019          ,161607_64019.png,1
64048          ,218561_64048-COLCHON AIR FLEX JACK 0.80X0.22 GANI.png,1
64213          ,248374_64213-TERMOTANQUE 30 LTS MULTIGAS AR LINEA ZA.png,1
64214          ,203510_64214-VENTILADOR DE TECHO VTA420B SEVERBON.png,1
64215          ,203510_64215-VENTILADOR DE TECHO VTA420M SEVERBON.png,1
64489          ,253860_64489-MICROONDAS MG23 SILVER SAMSUNG.png,1
64501          ,218561_64501-COLCHON GOLDEN FLEX 0.80X1.90X0.30 GANI.png,1
64515          ,248374_64515-TERMOTANQUE 65LTS ELECTRICO SENORIAL.png,1
64607          ,253553_64607-TENDER ALUMINIO CI-KT027 CON ALAS ROSARIO IMPORT.png,1
65019          ,207502_65019-REPOSERA HAWAII BLANCA VOSS.png,1
65061          ,207543_65061-SILLON VARADERO NEGRO VOSS.png,1
65133          ,175556_65133-59800-BANQUETA B116 DIMADERA.png,1
65323          ,287679_CIG100N_Frente.png,1
65324          ,188665_65324-CALOVENTOR PTC550 SOLEIL LILIANA.png,1
65327          ,188665_65327-CALOVENTOR DE PARED CWD900 LILIANA.png,1
65328          ,188665_65328-CALOVENTOR TORRE FTP530 TROPIC LILIANA.png,1
65340          ,191384_65340-CUP CAKE MAKER CM8910E ATMA.png,1
65346          ,188461_65346-almohada sensitive cervical fiberball.png,1
65347          ,188461_65347-almohada sensitive plain fiberball.png,1
65375          ,210799_65375-ALMOHADA EMOCION FIBERBALL.png,1
65574          ,162247_65574-CALYPSO TRAVEL SYSTEM.png,1
65727          ,211390_65727-CAMPANA PREMIUM NIHUIL 210-60A TST.png,1
65901          ,167825_65901-CORTADORA CESPED GHA22 675 CR SEVERBON.png,1
65931          ,211303_65931-CAMPANA CRISTAL TAMEL 270-60A TST.png,1
65977          ,190187_65977-BICI R26 MTB KUWARA DAMA B83860 WAL HER.png,1
65978          ,205789_65978-BICI R26 STA. BARBARA DAMA B8163 WAL HER.png,1
66072          ,161607_66072-Silla eames garden life.png,1
66107          ,194421_66107-TELEFONO ALAMBRICO NCT300 NOBLEX.png,1
66126          ,123165_BEBESIT.png,1
66134          ,123383_parlante.png,1
66227          ,124437_CARGADOR  66227.png,1
66430          ,196253_66430-FITBAND SMART E10  EXO .png,1
66442          ,218624_66442-COLCHON AIR FLEX JACK 1.40X0.22 GANI.png,1
66881          ,162305_66881 - SOFA FRONTERA LIVING - ECLIPSE.png,1
66895          ,194842_66895-PARLANTE BLUETOOTH PSB750 NOBLEX.png,1
66986          ,160937_66986-WOK ELECTRICO PG4810N ATMA 1.png,1
66995          ,164682_66995-PRO INSTANT PEDI RVSP3859LA2A REVLON.png,1
67211          ,207471_67211-SILLON VARADERO AGUAMARINA VOSS.png,1
67212          ,207471_67212-SILLON VARADERO ARENA VOSS 1.png,1
67323          ,162396_TRANI LIVING HOGAR (2).png,1
67464          ,204397_67464- BICI R16 CITY LIFE DAMA B8166 WAL HER .png,1
67607          ,192988_67607-BICI R24 MTB KUWARA NEW B83820 WAL HER.png,1
67676          ,161285_67676-AFEITADORA PHILIPS BG1024 1.png,1
67744          ,207375_67744-GAZEBO AUTOPLEGABLE ALUM CI07088 NAHUEL.png,1
67852          ,208446_67852-ESCRITORIO 9038 TABACO PLATINUM.png,1
67863          ,160805_67863-CAFETERA PRO COOK CA8210DE ATMA 1.png,1
67933          ,255135_67933-PLANCHA DE PELO HP832100 PHILIPS.png,1
67949          ,184925_67949-SILLA DE COMER 66 AGOSTINA PER BAMBINI.png,1
67952          ,184873_67952-COCHE RYDER BBS119A BIPO.png,1
67970          ,163583_67970-sillon  2203 pir-var.png,1
67971          ,193775_67971-CALOVENTOR DE PARED SPLIT ALPACA.png,1
67988          ,188665_67988-CONVECTOR CNG17 CONVECTORY LILIANA.png,1
67989          ,218743_67989-ESTUFA INFRAROJA CIGF200 RAPIHOT LILIANA.png,1
68101          ,270718_68101-SILLON 710 C.NEGRA CROMO 5343023 DAKOT.png,1
68136          ,248374_68136-TERMOTANQUE 50LTS MG AR FAMILY SENORIAL.png,1
68218          ,151767_68218-TERMOMETRO BRAUN.png,1
68266          ,175556_68266-61790-SILLON S116 PARAISO DIMADERA.png,1
68407          ,192412_68407-BUTACA PARA AUTO 400 OMEGA PER BAMBINI.png,1
68408          ,192412_68408-BUTACA PARA AUTO 157 NOVA PER BAMBINI.png,1
68516          ,208815_68516-GABINETE MULTIUSO 3092 BLANCO PLATINUM.png,1
68531          ,161133_68531-68533-CALEFACTOR CA3000 3000CALH SS GN-KL3000 3000CALH TB GN UNIVERSAL.png,1
68532          ,161133_68534-68532-CALEFACTOR KL5500 5500CALH TB GN-KL5500 5500CALH TB GN UNIVERSAL.png,1
68554          ,163123_68554-SECADOR DE PELO SP8964 ATMA 1.png,1
68573          ,206014_68573-COLCHON BODY PRO 1.90X80X18 PIERO.png,1
68586          ,160805_68586-HORNO DE EMPOTRAR ELEC. CHE3061M ATMA.png,1
68607          ,160805_68607-CAKE POP MAKER PO8110N ATMA 1.png,1
68608          ,160805_68608-FINGER FOOD MAKER CH8110N ATMA 1.png,1
68618          ,163977_68618-BALANZA PERSONAL DIGITAL EF922 ASPEN.png,1
68643          ,189711_68643-LIMPIADORA DE VAPOR SC 2 KARCHER.png,1
68669          ,215161_68669-68673-68372-CONJUNTO SHANKAR GANI.png,1
68825          ,161607_68825-SILLA EAMES CON BRAZOS NEGRA GARDEN LIFE.png,1
68826          ,161607_68826-SILLA EAMES CON BRAZOS BLANCA GARDEN LIFE.png,1
68870          ,203905_68870-BICI R24 MTB KUWARA ONNA B83822 WAL HER.png,1
68916          ,206329_68916-VENTILADOR DE PIE VPI32 LILIANA.png,1
68972          ,165474_68972-SPEAKER PSB213RN NOBLEX.png,1
68996          ,165607_68996-REPUESTO INSTANT PEDI RVSP3859REP REVLON.png,1
69127          ,252254_69127-COLCHON DOMANI 1.40X1.90 PIERO.png,1
69138          ,167471_69138-DEPILADORA ZERO FIRST HPL 50K BELLISSIMA.png,2
69262          ,171053_69262-PROTECTOR DE TENSION SMART20 TRV.png,1
69294          ,205961_69294-69297-CONJUNTO BAHIA 1.60 PIERO.png,1
69320          ,208292_69320-ALACENA 3037 1.20 BLANCA PLATINUM.png,1
69321          ,208290_69320-ALACENA 3037 1.20 BLANCA PLATINUM.png,1
69322          ,208290_69322-BAJO MESADA 3005 1.20 BLANCO PLATINUM.png,1
69323          ,208367_69323-BAJO MESADA 3006 1.40 BLANCO PLATINUM.png,1
69423          ,173362_69423-SILLA PLEGABLE MUNICH P. SEGURO.png,1
69430          ,173362_69430-SILLON DIRECTOR SANTIAGO P. SEGURO.png,1
69467          ,175252_69467-PLANCHA A VAPOR PAV1217 ATMA.png,1
69483          ,173768_69483-PARLANTE PORTATIL BLUETOOTH 8338 LIXUR.png,1
69511          ,174608_69511-TRICICLO TOY STORY XG-13401N BEBITOS.png,1
69548          ,175556_69548-SILLA S105Q PARAISO DIMADERA.png,1
69549          ,175556_69549-SILLA S106A PARAISO DIMADERA.png,1
69577          ,175999_69577-PLANCHA 2 EN 1 A GAS TROMEN.png,1
69623          ,223215_69623-MINI CONSOLA WONDER CON 200 JUEGOS KANJI.png,1
69627          ,177121_69627-SOPORTE DE TABLET PASIENTO KANJI.png,1
69642          ,177467_69642-BAHIUT 560 TABACO PLATINUM.png,1
69670          ,177940_69670-AURICULAR IN EAR LOVELY ME L-9 KEEKA.png,1
69697          ,178592_69697-MULTIPROCESADORA MP8405 ATMA.png,1
69699          ,178728_69699-MULTIGROOMER MG771515 PHILIPS (2).png,2
69701          ,181481_69701-LAVARROPAS L16508 BLANCO LONGVIE.png,1
69707          ,179131_69707-SILLA PLEGABLE ROCCO P. SEGURO.png,1
69719          ,231766_210138_69719-PARASOL 3005 1.80MT CANO SOLCITO.png,1
69720          ,207827_69720-PARASOL 3008 1.80MT ALUMINIO SOLCITO.png,1
69743          ,188461_69743-COMBO ROMA TRIMOL.png,1
69744          ,272079_69744.png,1
69756          ,188461_69756-CALCULADORA DX-120B CASIO.png,1
69777          ,189937_69777-COMBO CB04 1.60 CEDRO DIMADERA.png,1
69801          ,214009_69801-HORNO ELECTRICO EV-45E EVEREST.png,1
69802          ,218437_69802-HORNO ELECTRICO EV-45H EVEREST.png,1
69806          ,183389_69806-CAMARA DEPORTIVA DV6000ADF 4K LIXUR.png,1
69808          ,183389_69808-HIDROLAVADORA DAX4910 DAEWOO.png,1
69824          ,183724_69824-AURICULAR HP97AFA NOBLEX.png,1
69860          ,226066_69860-BATIDORA CON BOWL SB0037I SMARTLIFE.png,1
69861          ,226066_69861-BATIDORA CON BOWL SB0037R SMARTLIFE.png,1
69862          ,191506_69862-PAVA ELECTRICA EK1510IX SMARTLIFE.png,1
69866          ,226066_69866-TOSTADORA TO1701 SMARTLIFE.png,1
69932          ,249709_69932-COMBO CB04 1.60 WENGUE DIMADERA.png,1
69935          ,186073_69935-CALOVENTOR IC-01 INDELPLAS.png,1
69967          ,217185_69967-FRAZADA CORDERITO 1.5P 3687 SCOLARI.png,1
70002          ,208378_70002-CHIFONIER 920 TABACO PLATINUM.png,1
70056          ,234466_70056-ESTUFA GARRAFERA 3800 EVEREST.png,1
70174          ,192412_70174-BUTACA PARA AUTO 404 BORA PER BAMBINI.png,1
70180          ,188263_70180-CALOVENTOR CERAMICO DE PARED CP3316 ATMA.png,1
70232          ,248374_70232-TERMOTANQUE 30LTS DUAL AR SENORIAL.png,1
70233          ,248374_70233-TERMOTANQUE 50LTS AR DUAL SENORIAL.png,1
70280          ,192412_70280-PANEL DE TV 1041 CAOBA TABACO TABLES.png,1
70281          ,192412_70281-PANEL DE TV 1041 WENGUE HABANO TABLES.png,1
70287          ,213655_70287-LAVARROPAS NEXT 6.06 ECO DREAN.png,1
70302          ,251796_70302-MULTIPROCESADORA CON LICUADORA LP8425 ATMA.png,1
70331          ,218624_70331-COLCHON ANGELUS 3.0 1.60X2.00 GANI.png,1
70332          ,217594_70332+70333-CONJUNTO ANGELUS 3.0 GANI.png,1
70335          ,249871_70335-LAVARROPAS NEXT 7.10 ECO DREAN.png,1
70363          ,248374_70363-TERMOTANQUE 30LTS MG AR FAMILY SENORIAL.png,1
70397          ,211846_70397-PLACARD PREMIUM 635 PC TABACO PLATINUM.png,1
70431          ,259702_70431-SOPORTE FIJO SPL-697I 40A90P NAKAN..png,1
70461          ,200408_70461-LICUADORA LI8444RN ROJA ATMA.png,1
70486          ,206707_70486-BOMBA FILTRANTE 3800LTSH 001 PELOPINCHO.png,2
70487          ,206707_70487-REPUESTO PARA BOMBA 3800 004 PELOPINCHO.png,1
70488          ,206707_70488-LAVAPIES IM003 PELOPINCHO.png,1
70489          ,206707_70489-KIT DE LIMPIEZA IM002 PELOPINCHO.png,1
70492          ,202078_70492-COLCHON DENSITY 2-018 1.90X1.40 BELMO.png,1
70494          ,207743_70494-COMBO VERONA TRIMOL.png,1
70496          ,201850_70496-SECADOR DE PELO BHC-010 PHILIPS.png,1
70499          ,201984_70499-BOLSA DE DORMIR MUMMY MU-200 OUTDOORS.png,1
70520          ,207830_70520-PARASOL 3010 2.20MT ALUMINIO SOLCITO.png,1
70561          ,205030_70561-COMBO SORRENTO TRIMOL.png,1
70568          ,204142_70568- SILLA DE COMER BOOSTER 309 DENCAR .png,2
70608          ,206703_70608-CONTROL REMOTO UNIVERSAL AM-002 NEOb.png,1
70630          ,207781_70630-BUTACA MATERA CANDIDA RYM RAMOS.png,1
70643          ,255209_70643-CHIFONIER NORDIC N35 6 CAJONES L.E.png,1
70644          ,255209_70644- ROPERO NORDIC N40 PA 90X180 L.E.png,1
70681          ,211569_70681-PLANCHA SECA ALIZZA RPS900 LILIANA.png,1
70692          ,248374_70692-TERMOTANQUE 85LTS MG ZAFIRO SENORIAL.png,1
70703          ,214009_70703-SECARROPAS POR CALOR SECAMAX EVEREST.png,2
70724          ,232816_almohada julie gray.png,1
70737          ,259702_70737-SOPORTE PARA MONITOR D201AB 10A37P NAKAN..png,1
70764          ,215415_70764-ESTUFA A CUARZO VERTICAL WCS TILCARA.png,1
70765          ,215415_70765-ESTUFA A CUARZO HORIZONTAL HZL TILCARA.png,1
70773          ,215817_70773-DEPILADORA 5 EN 1 EB-1141 EVERBEAUTY.png,1
70776          ,215832_70776-SET DE PEDICURIA EB-2010 EVERBEAUTY.png,1
70777          ,215832_70777-REMOVEDOR DE CALLOS EB-1138 EVERBEAUTY.png,1
70792          ,216178_70792-CORTACABELLO HC350515 PHILIPS.png,1
70796          ,271020_S126.png,1
70816          ,216679_70816-FRAZADA PALETTE QUEEN 1953 SCOLARI.png,1
70817          ,216679_70817-FRAZADA PALETTE KING 2064 SCOLARI.png,2
70848          ,217972_70848-CONJUNTO PRESTON 1.40X1.90X0.25 SUAVEGOM.png,1
70869          ,218437_70869-MULTIGROOMER MG373015 PHILIPS (2).png,2
70870          ,218437_70870-SECADOR DE PELO BHD00300  PHILIPS.png,1
70944          ,246268_70944-HORNO ELECTRICO EV-45INOX ACERO EVEREST.png,1
70973          ,222690_70973-HAMACA 128 MASCOTA.png,1
70987          ,272079_70987.png,1
71022          ,255209_71022-CUNA NORDIC N10 CCAJONES L.E.png,1
71024          ,234356_Candor S2 Blanca Escorial.png,1
71029          ,233978_71029-MESA DE LUZ 962 GRIS ANDINO PLATINUM.png,1
71030          ,251835_71030-PLACARD 914 4P 2C GRIS ANDINO PLATINUM.png,1
71036          ,258880_71036-SECARROPAS A-6552 ACERO 5.5KG KOHINOOR.png,1
71037          ,258880_71037-SECARROPAS B-6552 CLASIC 5.5KG KOHINOOR.png,1
71038          ,258880_71038-SECARROPAS C-7552 VISION 5.5KG KOHINOOR.png,1
71039          ,258880_71039-SECARROPAS C-7652 VISION 6.5KG KOHINOOR.png,1
71050          ,234356_Candor S2 Blanca Escorial.png,1
71053          ,226066_71053-PAVA ELECTRICA EK1714W BLANCA SMARTLIFE.png,1
71073          ,255579_71073.png,1
71097          ,263772_71097-BICI R29 MTB KUWARA ALUM B83889 WAL HER.png,1
71108          ,288080_71108-2.png,1
71114          ,225999_71114-VENTILADOR TURBO IV12 INDELPLAS.png,1
71149          ,234356_Candor S2 Black Escorial.png,1
71150          ,234356_palace s2 black escorial.png,1
71151          ,234356_palace s2 black escorial.png,1
71168          ,232816_913 GRIS ANDINO PLATINUM.png,1
71173          ,248014_71173-BORDEADORA 1100W INDELPLAS.png,1
71193          ,270718_RINCONERO LUXOR.png,1
71220          ,234356_palace s2 blanca escorial.png,1
71234          ,246268_71234-COCINA 5517F NEGRA FLORENCIA.png,1
71235          ,246268_71235-COCINA 5516F BLANCA FLORENCIA.png,1
71236          ,246268_71236-COCINA 5536F BLANCA FLORENCIA.png,1
71237          ,246268_71237-COCINA 5537F NEGRA FLORENCIA.png,1
71238          ,246268_71238-COCINA 5538F INOX FLORENCIA.png,1
71263          ,255464_40719-HELADERA TOP MOUNT 2F1600B BAMBI.png,1
71268          ,232816_71268-TOSTADORA TO1301W SMARTLIFE.png,1
71269          ,248014_71269-LICUADORA BL1008WPN SMARTLIFE.png,1
71270          ,248014_71270-LICUADORA DE MANO SM6038WPN SMARTLIFE.png,1
71281          ,234356_palace s2 blanca escorial.png,1
71290          ,252254_71290-COLCHON PARAISO REAL II 0.80X1.90 PIERO.png,1
71318          ,252364_71318-TERMOTANQUE TP860AR-N  LONGVIE.png,1
71342          ,253823_71342-COLCHON GRAN SUENO F 0.80X1.90X0.20 GANI.png,1
71351          ,249871_71351-LAVARROPAS NEXT 10.png,1
71352          ,249871_71352-LAVARROPAS NEXT 10.12PG ECO DREAN.png,1
71356          ,234338_71356-ESTUFA HALOGENA EV-016 EVEREST.png,1
71366          ,272079_box adaptable 6423 caoba tables.png,1
71418          ,236453_71418-SECARROPAS HTS 5503 5.5KG COLUMBIA.png,1
71428          ,237041_71428-AFEITADORA SHAVER S112141 PHILIPS.png,1
71447          ,240436_71447-HELADERA TOP MOUNT DFN3500P ELECTROLUX.png,1
71466          ,278588_71466.png,1
71468          ,270718_RINCONERO LUXOR.png,1
71534          ,244836_71530.png,3
71598          ,246268_71598-HORNO ELECTRICO EV-60A EVEREST.png,1
71604          ,241739_71604.png,1
71634          ,245565_71634-VENTILADOR DE PIE V-18P PROTALIA.png,1
71636          ,247962_71636-VENTILADOR DE PIE V-22P PROTALIA.png,1
71641          ,243253_71641-HORNO ELECTRICO TO0040 SMARTLIFE.png,1
71660          ,243253_71660-TENSIOMETRO DE BRAZO C5 CARRDIO ASPEN.png,1
71661          ,255464_40717-HELADERA TOP MOUNT 2F1200B BAMBI.png,1
71664          ,251835_71664-COLCHON GOLD SPRING 0.80X1.90X0.30 GANI.png,1
71710          ,246586_71710-REPOSERA 3027 ALUMINIO SOLWIND SOLCITO.png,1
71721          ,271973_71721-zapatero 930 gris andino.png,1
71731          ,245046_71731-LICUADORA DE MANO LM322R PEABODY.png,1
71732          ,245046_71732-LICUADORA DE MANO LM322B PEABODY.png,1
71744          ,244950_71744-HIDROLAVADORA DAX1130 NEW DAEWOO.png,1
71750          ,246586_71750-REPOSERA MIAMI BLANCA VOSS.png,1
71777          ,245474_71777.png,1
71849          ,246700_71849-CALEFACTOR 3150SCE 5000CALH SS EMEGE.png,1
71850          ,246700_71850-CALEFACTOR 3130SCE 3000CALH SS EMEGE.png,1
71851          ,246700_71851-CALEFACTOR 2120TB 2000CALH TB EMEGE.png,1
71867          ,251973_71867-ESTUFA GARRAFERA POR CONVECCION 5.0 COPPENS.png,1
71879          ,247502_71879-COLCHON LE REVER 1.40X1.90 PIERO.png,1
71880          ,247502_71880-COLCHON FOAM II 0.80X1.90 PIERO.png,1
71881          ,272079_71881-colchon foam 1.40 piero.png,1
71910          ,248818_71910-BALANZA PERSONAL BA7604 ATMA.png,1
71911          ,248818_71911-BALANZA PERSONAL BA7504 ATMA.png,1
71924          ,248014_71924-TERMOTANQUE 55LTS ELECTRICO ESCORIAL.png,1
71927          ,248818_71927-FREEZER F90 BLANCO FRARE.png,1
71928          ,248818_71928-FREEZER F130 BLANCO FRARE.png,1
71929          ,248818_71929-FREEZER F170 BLANCO FRARE.png,1
71930          ,248124_71930-FREEZER F210 BLANCO FRARE.png,1
71983          ,260949_71983-BICI R20 STA. BARBARA NENA B8202 WAL HER.png,1
71997          ,249286_71997-PARLANTE PORTATIL DJP10 PHILCO (2).png,2
72031          ,250363_72031-LICUADORA DE MANO LMA327B PEABODY.png,1
72092          ,252254_72092-COLCHON MATTINA II 1.40X1.90 PT PIERO.png,1
72095          ,253823_72095-ESTRUCTURA DE FUTON MIEL OTANO.png,1
72123          ,252772_72123-CONVECTOR CFB17 CONVECTORY PLUS LILIANA.png,1
72167          ,255209_72167-CAMA NORDIC N23 L.E.png,1
72168          ,255209_72168-MESA DE LUZ NORDIC N24 L.E.png,1
72169          ,255209_72169-COMODA NORDIC N25 L.E.png,1
72172          ,253785_72172-ESTUFA HALOGENA EV-012 EVEREST.png,1
72173          ,253785_72173-PANEL DE VIDRIO JX-1220 EVEREST.png,1
72187          ,254045_72187-TOSTADORA BT-PM2BAR1 MIDEA.png,1
72190          ,254087_72190-CALEFACTOR 42316VN 2000CALH TB VOLCAN.png,1
72191          ,254087_72191-CALEFACTOR 43716VN 3800CALH TB VOLCAN.png,1
72192          ,254087_72192-CALEFACTOR 46316VN 5700CALH TB VOLCAN.png,1
72194          ,254087_72190-CALEFACTOR 42316VN 2000CALH TB VOLCAN.png,1
72195          ,254087_72195-CALEFACTOR 43516VN 4000CALH SS VOLCAN.png,1
72206          ,258162_72206-BICI R29 MTB KUWARA B83877 WAL HER.png,1
72210          ,254404_72210-HELADERA TOP MOUNT KHD437 KOHINOOR.png,1
72243          ,255209_72243-ESCRITORIO NORDIC N31 L.E.png,1
72301          ,256374_72301-HIDROLAVADORA ONE PLUS 130 LAVOR.png,1
72366          ,257804_72366-AFEITADORA AQUATOUCH S312251 PHILIPS.png,1
72375          ,287724_72375 2-03.png,2
72376          ,258232_72376-CALEFON 330103 14L GN SENORIAL.png,1
72389          ,258880_72389-SECARROPAS A-6652 ACERO 6.5KG KOHINOOR.png,1
72390          ,258880_72390-SECARROPAS B-6652 CLASIC 6.5KG KOHINOOR.png,1
72415          ,287724_72415-SILLA GAMER SHOOTER DW-SGA001 DAEWOO (1).png,2
72471          ,260893_72471-HORNO ELECTRICO PE-HE4550 PEABODY.png,1
72517          ,261456_72517-EXPRIMIDOR PE-EC30 PEABODY.png,1
72550          ,261879_72550-LICUADORA DE MANO RAINBOW AH101B LILIANA.png,1
72554          ,261879_72554-BATIDORA DE MANO SHAKE AB103 LILIANA.png,1
72555          ,261879_72555-BATIDORA CON BOWL GIRAMIX AB102 LILIANA.png,1
72556          ,261908_72556-BATIDORA CON BOWL AB914 TURBOBAT LILIANA.png,1
72558          ,261908_72558-LUSTRASPIRADORA ESPEJO LL340 LILIANA.png,1
72563          ,261982_72563-PILETA 1919 400L MOR.png,1
72564          ,261982_72564-PILETA 1921 1000L MOR.png,1
72569          ,270718_72569-ESCRITORIO 9038 GRIS ANDINO PLATINUM.png,1
72584          ,262305_72584-HIDROLAVADORA IKON 160 LAVOR.png,1
72595          ,262564_72595 (2).png,2
72596          ,262633_72596.png,1
72597          ,262633_72597.png,1
72636          ,263964_72636-CARPA IGLOO HUDSON 700252 LAURY.png,1
72658          ,263964_72658-HELADERA TOP MOUNT DF3900P ELECTROLUX.png,1
72660          ,263964_72660-INFLADOR 62003 14 PULGADAS BESTWAY.png,1
72691          ,264597_72691-SILLA PLEGABLE MONET PERGAMINO MUEBLES.png,1
72692          ,264597_72692-MESA BAR PLGABLE ALOIA PERGAMINO MUEBLES.png,1
72693          ,264597_72693-REPOSERA EDEN PERGAMINO MUEBLES.png,1
72709          ,265844_ALMOHADA CALMA SUAVEGOM.png,1
72712          ,288080_72712-01.png,1
72723          ,278588_72723-.png,1
72725          ,270688_72725-SECADOR DE PELO SP1050A ALLURE.png,1
72746          ,265817_72746-CONSERVADORA GLACIAL 8121 40L MOR.png,1
72764          ,266770_72764-TRICICLO 4016 LATAPY.png,1
72817          ,267709_72817-DEPILADORA 2 EN 1 EB-7124 EVERBEAUTY.png,1
72818          ,267709_72818-HORNO ELECTRICO EV-60INOX 60 LITROS EVEREST.png,1
72831          ,267400_72831-MONOPATIN 780 TWEET PER BAMBINI.png,1
72857          ,267561_72857-EXPRIMIDOR EX8220 ATMA.png,1
72863          ,267651_72186-PAVA ELECTRICA EK-DC17XAR1 MIDEA.png,1
72864          ,267651_72864-ASPIRADORA VS-MJ20TAR2 MIDEA.png,1
72880          ,281554_72880.png,1
72890          ,268706_72890-PLANCHA DE PELO PL8890N ATMA.png,1
72892          ,268706_72892-TOSTADORA TO8020I ATMA.png,1
72895          ,268724_72895-MASAJEADOR DE CUELLO WELN42N PHILCO.png,1
72915          ,281362_M3200 Briket.png,1
72923          ,269756_72923-LICUADORA DE MANO LM8530 ATMA.png,1
72944          ,270022_72944-PARLANTE PORTATIL DJP61 PHILCO.png,1
72946          ,270046_72946-CAMPANA PIRAMIDE LANIN 330-60A TST.png,1
72956          ,270249_72956-CALEFON CE-14LB 14L GN ESCORIAL.png,1
72961          ,270642_72961-COMBO JULIA 1.60 CEDRO CAMPAGNOLA M.png,1
72962          ,270449_72962-ESTUFA INFRAROJA CI070 COMPACT H LILIANA.png,1
72982          ,271795_72982-72981-COCINA FIT CV55FA FORNAX.png,1
72996          ,271079_72795-HORNO ELECTRICO TO-M232SAR2 MIDEA.png,1
73210          ,271973_73210.png,1
73219          ,271795_73219-TENSIOMETRO DE MUÑECA HEM-6122 OMRON.png,1
73220          ,271795_73220-TENSIOMETRO DE BRAZO HEM-7130 OMRON.png,1
73223          ,271795_73223-TERMOTANQUE TP350AR-N 48LTS GN LONGVIE.png,1
73263          ,271973_73263-TV SMART 50PUD740677 PHILIPS.png,1
73266          ,271973_73266-PARLANTE PORTATIL TAX220677 PHILIPS.png,1
73267          ,274073_73267.png,1
73299          ,272281_73299.png,1
73362          ,273234_73362-LICUADORA DE MANO SUPERMIX AH730 LILIANA.png,1
73428          ,288080_73428.png,1
73478          ,278588_73478-TV SMART 32PHD691777 PHILIPS.png,1
73502          ,288080_73502-01.png,1
73510          ,276254_73510-COMBO SECADOR Y PLANCHITA CK4010 ATMA.png,1
73537          ,278588_73478-TV SMART 32PHD691777 PHILIPS.png,1
73546          ,288080_73546 2.png,2
73594          ,288080_73594-COCINA MASTER STYLE MG BLANCA ESCORIAL 2_Mesa de trabajo 1.png,2
73600          ,278005_73600-VENTILADOR DE TECHO VTA420N SEVERBON.png,1
73636          ,277960_73636-GAZEBO POLIESTER OXFORD 3.00MT LAURY.png,1
73664          ,288080_73664.png,1
73738          ,278509_73738.jpeg,1
73739          ,278509_73739.jpeg,1
73740          ,278509_73740.jpeg,1
73744          ,278509_73739.jpeg,1
73752          ,283774_73752-CELULAR GALAXY A23 BLACK SAMSUNG.png,1
73755          ,288080_73755.png,1
73775          ,278685_73774-73775.png,1
73776          ,278696_73776.png,1
73867          ,281338_Bici-08.png,1
73869          ,281338_Monopatin 2-08.png,1
73903          ,280873_73903-FREEZER INVERTER FGHI300B-L GAFA.png,1
73904          ,280873_73904-HELADERA TOP MOUNT HGF368AFB GAFA (2).png,2
73905          ,280873_73905-HELADERA TOP MOUNT HGF368AFP GAFA.png,1
73921          ,280873_73921-.png,2
73925          ,288080_73925.png,1
73964          ,288080_73964-LICUADORA PE-LN805B PEABODY.png,1
73999          ,283787_73999-TERMOTANQUE GEISER 80LTS MG ESCORIAL.png,1
74033          ,288080_74033-BATIDORA CON BOWL BM110R PEABODY.png,1
74071          ,283292_A04.png,1
74081          ,283787_74081-PARLANTE BT PORTATIL BTS003BG SMARTLIFE.png,2
74082          ,283787_74082-PARLANTE BT PORTATIL BTS009BB SMARTLIFE.png,2
74083          ,283787_74083-PARLANTE BT PORTATIL BTS010BR SMARTLIFE.png,2
74084          ,283787_74084-PARLANTE BT PORTATIL BTS315BR SMARTLIFE.png,2
74085          ,283787_74085-PARLANTE BT PORTATIL BTS316BG SMARTLIFE.png,1
74101          ,283787_74101-PARLANTE PB PORTATIL PB112030 SMARTLIFE.png,1
74113          ,284006_74113.png,1
74114          ,288080_74114.png,1
74121          ,284006_74121.png,1
74130          ,284065_74130-SECARROPAS CPK05B PATRICK.png,1
74131          ,284065_74131-SECARROPAS CPK06B PATRICK.png,1
74152          ,288080_74152-LICUADORA DE MANO LMA327R PEABODY.png,1
74153          ,288080_74153-01.png,1
74159          ,288080_74159-CELULAR MOTO G42 XT2233-1SB MOTOROLA.png,1
74188          ,288080_74188-CELULAR MOTO G52 XT2221-2A MOTOROLA.png,1
74199          ,287724_74199-MAQUINA DE COSER M3305C SINGER.png,1
74212          ,288080_74212.png,1
74214          ,288081_74214-CALOVENTOR CFH420 COMPACTSUN LILIANA (2).png,1
74307          ,287724_batidora-.png,1
74308          ,287724_licuadora-.png,1
74309          ,288081_74309.png,1
74310          ,288081_74310.png,1
74311          ,288081_74311.png,1
74322          ,288080_74322-01.png,1
74334          ,288080_74334-BATIDORA DE MANO HM550R PEABODY.png,1
74357          ,286871_74357-CELULAR MOTO G32 XT2235-1FG MOTOROLA.png,1
74358          ,286871_74358-CELULAR MOTO E22 XT2239-9QB MOTOROLA.png,1
74379          ,287679_74379.png,1
74380          ,287724_p1200d.png,1
74381          ,287724_t2021-2.png,2
74382          ,287724_t600d-2.png,1
74383          ,287724_t806f-2.png,1
74399          ,287274_74399-SECADOR DE PELO BHD27400 PHILIPS.png,1
74416          ,288080_74416-CORTACABELLO HC4050 REMINGTON 2.png,3
74425          ,287723_74425.png,1
74426          ,287723_74426.png,1
74432          ,287724_74432 (1).png,1
74482          ,288080_74482-01.png,1
74483          ,288080_74483-01.png,1
74485          ,288080_74485-A04S Black.png,1
74486          ,288080_74486-A14 green.png,1

